make;address;all;3d ;our;over ;remove ;internet ;order;mail ;receive;will ;people ;report ;addresses;free ;business ;email;you;credit ;your ;font ;"""000""";money;hp ;hpl;george ;"""650""";lab;labs ;telnet ;"""857""";data ;"""415""";"""85""";technology ;"""1999""";parts;pm ;direct ;cs ;meeting;original ;project;re ;edu
0.607594936709;0.694956949569;0.591691394659;0.809523809524;0.648030495553;0.675251959686;0.946502057613;0.75068119891;0.715714285714;0.639316239316;0.805071315372;0.490205446727;0.609819121447;0.641104294479;0.851132686084;0.793351302785;0.720092915215;0.66170212766;0.496561210454;0.894736842105;0.603756298672;0.828571428571;0.880327868852;0.921804511278;0.0465587044534;0.0338294993234;0.0113798008535;0.0611764705882;0.0321637426901;0.04;0.0111524163569;0.0106382978723;0.136490250696;0.0410256410256;0.0954545454545;0.185321100917;0.116154873164;0.382352941176;0.162393162393;0.448529411765;0.00769230769231;0.0608974358974;0.227810650888;0.135761589404;0.376884422111;0.129032258065
