make;address;all;3d ;our;over ;remove ;internet ;order;mail ;receive;will ;people ;report ;addresses;free ;business ;email;you;credit ;your ;font ;"""000""";money;hp ;hpl;george ;"""650""";lab;labs ;telnet ;"""857""";data ;"""415""";"""85""";technology ;"""1999""";parts;pm ;direct ;cs ;meeting;original ;project;re ;edu
0.392405063291;0.305043050431;0.408308605341;0.190476190476;0.351969504447;0.324748040314;0.0534979423868;0.24931880109;0.284285714286;0.360683760684;0.194928684628;0.509794553273;0.390180878553;0.358895705521;0.148867313916;0.206648697215;0.279907084785;0.33829787234;0.503438789546;0.105263157895;0.396243701328;0.171428571429;0.119672131148;0.0781954887218;0.953441295547;0.966170500677;0.988620199147;0.938823529412;0.96783625731;0.96;0.988847583643;0.989361702128;0.863509749304;0.958974358974;0.904545454545;0.814678899083;0.883845126836;0.617647058824;0.837606837607;0.551470588235;0.992307692308;0.939102564103;0.772189349112;0.864238410596;0.623115577889;0.870967741935
